{"@context":"http://greendelta.github.io/olca-schema/context.jsonld","@type":"UnitGroup","@id":"36932b14-ba61-417b-a80c-eb9935d193f1","name":"Units of length*area","version":"00.00.000","category":{"@type":"Category","@id":"00d44049-4768-313c-b2a5-c2d545f8e0ec","name":"Technical unit groups","categoryType":"UnitGroup"},"units":[{"@type":"Unit","@id":"0dc79b8e-47a1-4ec7-96b1-c9b9da2769fa","name":"mm*m2","description":"Millimetre times square metre","version":"00.00.000","referenceUnit":true,"conversionFactor":1.0}],"defaultFlowProperty":{"@type":"FlowProperty","@id":"45915a2c-6ee8-45bd-8a46-070a7261558e","name":"Groundwater Replenishment (Occ.)","categoryPath":["Technical flow properties"]}}