{"@context":"http://greendelta.github.io/olca-schema/context.jsonld","@type":"UnitGroup","@id":"59f6a0a2-731f-41c3-86df-d383dc673dfe","name":"Units of mechanical filtration (occ.)","version":"00.00.000","category":{"@type":"Category","@id":"00d44049-4768-313c-b2a5-c2d545f8e0ec","name":"Technical unit groups","categoryType":"UnitGroup"},"units":[{"@type":"Unit","@id":"2f1b55fb-a432-447a-a0f5-9b02bf649724","name":"cm*m3","description":"Centimetre times cubic metre","version":"00.00.000","referenceUnit":true,"conversionFactor":1.0}],"defaultFlowProperty":{"@type":"FlowProperty","@id":"e0d963f9-d6a4-42a5-90e9-fff8452aa2af","name":"Mechanical Filtration (Occ.)","categoryPath":["Technical flow properties"]}}