{"@context":"http://greendelta.github.io/olca-schema/context.jsonld","@type":"UnitGroup","@id":"9e5a91be-b3d1-4268-8e7d-e5e93f6a75d4","name":"Units of groundwater replenishment (transf.)","version":"00.00.000","category":{"@type":"Category","@id":"00d44049-4768-313c-b2a5-c2d545f8e0ec","name":"Technical unit groups","categoryType":"UnitGroup"},"units":[{"@type":"Unit","@id":"95e8feec-abc7-4eb0-bf39-2a6d411cba8d","name":"(mm*m2)/a","description":"Millimetre times square metre per year","version":"00.00.000","referenceUnit":true,"conversionFactor":1.0}],"defaultFlowProperty":{"@type":"FlowProperty","@id":"58ea2de8-1f31-4248-9b03-18ec5d8db13b","name":"Groundwater Replenishment (Transf.)","categoryPath":["Technical flow properties"]}}