{"@context":"http://greendelta.github.io/olca-schema/context.jsonld","@type":"FlowProperty","@id":"05e42ba1-dbcd-4dc2-b735-a2f17dd211ae","name":"Mechanical Filtration (Transf.)","version":"00.00.000","category":{"@type":"Category","@id":"87cfd36b-db77-3a88-8c0e-7102ce682690","name":"Technical flow properties","categoryType":"FlowProperty"},"flowPropertyType":"PHYSICAL_QUANTITY","unitGroup":{"@type":"UnitGroup","@id":"f2275057-f8be-4db9-bb78-5dfc276967a0","name":"Units of length*area/time","categoryPath":["Technical unit groups"]}}