{"@context":"http://greendelta.github.io/olca-schema/context.jsonld","@type":"FlowProperty","@id":"2d9d802c-002d-4018-a702-d2d46e78625a","name":"Biotic Production (Occ.)","version":"00.00.000","category":{"@type":"Category","@id":"87cfd36b-db77-3a88-8c0e-7102ce682690","name":"Technical flow properties","categoryType":"FlowProperty"},"flowPropertyType":"PHYSICAL_QUANTITY","unitGroup":{"@type":"UnitGroup","@id":"93a60a57-a4c8-11da-a746-0800200c9a66","name":"Units of mass","categoryPath":["Technical unit groups"]}}