{"@context":"http://greendelta.github.io/olca-schema/context.jsonld","@type":"FlowProperty","@id":"45915a2c-6ee8-45bd-8a46-070a7261558e","name":"Groundwater Replenishment (Occ.)","version":"00.00.000","category":{"@type":"Category","@id":"87cfd36b-db77-3a88-8c0e-7102ce682690","name":"Technical flow properties","categoryType":"FlowProperty"},"flowPropertyType":"PHYSICAL_QUANTITY","unitGroup":{"@type":"UnitGroup","@id":"36932b14-ba61-417b-a80c-eb9935d193f1","name":"Units of length*area","categoryPath":["Technical unit groups"]}}