{"@context":"http://greendelta.github.io/olca-schema/context.jsonld","@type":"FlowProperty","@id":"58ea2de8-1f31-4248-9b03-18ec5d8db13b","name":"Groundwater Replenishment (Transf.)","version":"00.00.000","category":{"@type":"Category","@id":"87cfd36b-db77-3a88-8c0e-7102ce682690","name":"Technical flow properties","categoryType":"FlowProperty"},"flowPropertyType":"PHYSICAL_QUANTITY","unitGroup":{"@type":"UnitGroup","@id":"9e5a91be-b3d1-4268-8e7d-e5e93f6a75d4","name":"Units of groundwater replenishment (transf.)","categoryPath":["Technical unit groups"]}}