{"@context":"http://greendelta.github.io/olca-schema/context.jsonld","@type":"FlowProperty","@id":"8a9107c2-62a2-4997-95b0-6944c80b774e","name":"Physicochemical Filtration (Occ.)","version":"00.00.000","category":{"@type":"Category","@id":"87cfd36b-db77-3a88-8c0e-7102ce682690","name":"Technical flow properties","categoryType":"FlowProperty"},"flowPropertyType":"PHYSICAL_QUANTITY","unitGroup":{"@type":"UnitGroup","@id":"a6941776-ee4b-40fe-9a05-e19faac45240","name":"Units of mole*area*time/mass","categoryPath":["Technical unit groups"]}}