{"@context":"http://greendelta.github.io/olca-schema/context.jsonld","@type":"FlowProperty","@id":"93a60a56-a3c8-11da-a746-0800200c9a66","name":"Net calorific value","version":"00.00.000","category":{"@type":"Category","@id":"87cfd36b-db77-3a88-8c0e-7102ce682690","name":"Technical flow properties","categoryType":"FlowProperty"},"flowPropertyType":"PHYSICAL_QUANTITY","unitGroup":{"@type":"UnitGroup","@id":"93a60a57-a3c8-11da-a746-0800200c9a66","name":"Units of energy","categoryPath":["Technical unit groups"]}}