{"@context":"http://greendelta.github.io/olca-schema/context.jsonld","@type":"FlowProperty","@id":"ac95ed26-5038-4862-8b82-94f1412875cd","name":"Physicochemical Filtration (Transf.)","version":"00.00.000","category":{"@type":"Category","@id":"87cfd36b-db77-3a88-8c0e-7102ce682690","name":"Technical flow properties","categoryType":"FlowProperty"},"flowPropertyType":"PHYSICAL_QUANTITY","unitGroup":{"@type":"UnitGroup","@id":"3dbb60e1-edde-49f7-b28d-f34b4af727b3","name":"Units of mole*area/mass","categoryPath":["Technical unit groups"]}}