{"@context":"http://greendelta.github.io/olca-schema/context.jsonld","@type":"FlowProperty","@id":"e0d963f9-d6a4-42a5-90e9-fff8452aa2af","name":"Mechanical Filtration (Occ.)","version":"00.00.000","category":{"@type":"Category","@id":"87cfd36b-db77-3a88-8c0e-7102ce682690","name":"Technical flow properties","categoryType":"FlowProperty"},"flowPropertyType":"PHYSICAL_QUANTITY","unitGroup":{"@type":"UnitGroup","@id":"59f6a0a2-731f-41c3-86df-d383dc673dfe","name":"Units of mechanical filtration (occ.)","categoryPath":["Technical unit groups"]}}