{"@context":"http://greendelta.github.io/olca-schema/context.jsonld","@type":"FlowProperty","@id":"fd9a098b-253e-4f1e-986d-76a775c51722","name":"Biotic Production (Transf.)","version":"00.00.000","category":{"@type":"Category","@id":"87cfd36b-db77-3a88-8c0e-7102ce682690","name":"Technical flow properties","categoryType":"FlowProperty"},"flowPropertyType":"PHYSICAL_QUANTITY","unitGroup":{"@type":"UnitGroup","@id":"c28831de-8759-43da-98bd-05617cb1722d","name":"Units of mass/time","categoryPath":["Technical unit groups"]}}