{"@context":"http://greendelta.github.io/olca-schema/context.jsonld","@type":"Flow","@id":"04202049-6556-11dd-ad8b-0800200c9a66","name":"Energy, primary, from waves","version":"00.00.000","category":{"@type":"Category","@id":"2f6ee760-b128-3a3f-8214-8304dedcd384","name":"in water","categoryPath":["Elementary flows","Resource"],"categoryType":"Flow"},"flowType":"ELEMENTARY_FLOW","infrastructureFlow":false,"flowProperties":[{"@type":"FlowPropertyFactor","referenceFlowProperty":true,"flowProperty":{"@type":"FlowProperty","@id":"93a60a56-a3c8-11da-a746-0800200c9a66","name":"Net calorific value","categoryPath":["Technical flow properties"]},"conversionFactor":1.0}]}