{"@context":"http://greendelta.github.io/olca-schema/context.jsonld","@type":"Flow","@id":"0a1535df-c1a6-4cb9-bc4d-b5d71b8e7d6a","name":"Biotic Production","version":"00.00.000","category":{"@type":"Category","@id":"5872f1f0-02f0-3c23-89c2-2f7dc77e3031","name":"land","categoryPath":["Elementary flows","Resource"],"categoryType":"Flow"},"flowType":"ELEMENTARY_FLOW","infrastructureFlow":false,"flowProperties":[{"@type":"FlowPropertyFactor","referenceFlowProperty":true,"flowProperty":{"@type":"FlowProperty","@id":"2d9d802c-002d-4018-a702-d2d46e78625a","name":"Biotic Production (Occ.)","categoryPath":["Technical flow properties"]},"conversionFactor":1.0}]}