{"@context":"http://greendelta.github.io/olca-schema/context.jsonld","@type":"Flow","@id":"1acb026e-9de6-48fe-9e0d-be4d24125bbc","name":"Water, lake","version":"00.00.000","category":{"@type":"Category","@id":"2f6ee760-b128-3a3f-8214-8304dedcd384","name":"in water","categoryPath":["Elementary flows","Resource"],"categoryType":"Flow"},"flowType":"ELEMENTARY_FLOW","cas":"007732-18-5","infrastructureFlow":false,"flowProperties":[{"@type":"FlowPropertyFactor","referenceFlowProperty":true,"flowProperty":{"@type":"FlowProperty","@id":"93a60a56-a3c8-22da-a746-0800200c9a66","name":"Volume","categoryPath":["Technical flow properties"]},"conversionFactor":1.0}]}