{"@context":"http://greendelta.github.io/olca-schema/context.jsonld","@type":"Flow","@id":"1b8d1b12-8538-11e0-9d78-0800200c9a66","name":"Nitrogen","version":"00.00.000","category":{"@type":"Category","@id":"09baa6ab-34af-3bd6-b0ba-d833a2e2fabc","name":"in air","categoryPath":["Elementary flows","Resource"],"categoryType":"Flow"},"flowType":"ELEMENTARY_FLOW","cas":"007727-37-9","formula":"N","infrastructureFlow":false,"flowProperties":[{"@type":"FlowPropertyFactor","referenceFlowProperty":true,"flowProperty":{"@type":"FlowProperty","@id":"93a60a56-a3c8-11da-a746-0800200b9a66","name":"Mass","categoryPath":["Technical flow properties"]},"conversionFactor":1.0}]}