{"@context":"http://greendelta.github.io/olca-schema/context.jsonld","@type":"Flow","@id":"2258583e-4857-49f1-a7a8-3a653a023fbf","name":"Silver, 0.007% in sulfide, Ag 0.004%, Pb, Zn, Cd, In, in ground","version":"00.00.000","category":{"@type":"Category","@id":"00b417ca-ff62-37ec-b1f9-3da9fa8a47a7","name":"unspecified","categoryPath":["Elementary flows","Resource"],"categoryType":"Flow"},"flowType":"ELEMENTARY_FLOW","cas":"007440-22-4","formula":"Ag","infrastructureFlow":false,"flowProperties":[{"@type":"FlowPropertyFactor","referenceFlowProperty":true,"flowProperty":{"@type":"FlowProperty","@id":"93a60a56-a3c8-11da-a746-0800200b9a66","name":"Mass","categoryPath":["Technical flow properties"]},"conversionFactor":1.0}]}