{"@context":"http://greendelta.github.io/olca-schema/context.jsonld","@type":"Flow","@id":"393cd19a-9b02-4b51-8127-dd348619d81e","name":"Helium","version":"00.00.000","category":{"@type":"Category","@id":"09baa6ab-34af-3bd6-b0ba-d833a2e2fabc","name":"in air","categoryPath":["Elementary flows","Resource"],"categoryType":"Flow"},"flowType":"ELEMENTARY_FLOW","cas":"007440-59-7","formula":"He","infrastructureFlow":false,"flowProperties":[{"@type":"FlowPropertyFactor","referenceFlowProperty":true,"flowProperty":{"@type":"FlowProperty","@id":"93a60a56-a3c8-11da-a746-0800200b9a66","name":"Mass","categoryPath":["Technical flow properties"]},"conversionFactor":1.0}]}