{"@context":"http://greendelta.github.io/olca-schema/context.jsonld","@type":"Flow","@id":"3945e033-dda4-4690-a889-f66e1f35b02d","name":"Coal, brown, in ground","version":"00.00.000","category":{"@type":"Category","@id":"00b417ca-ff62-37ec-b1f9-3da9fa8a47a7","name":"unspecified","categoryPath":["Elementary flows","Resource"],"categoryType":"Flow"},"flowType":"ELEMENTARY_FLOW","infrastructureFlow":false,"flowProperties":[{"@type":"FlowPropertyFactor","referenceFlowProperty":true,"flowProperty":{"@type":"FlowProperty","@id":"93a60a56-a3c8-11da-a746-0800200c9a66","name":"Net calorific value","categoryPath":["Technical flow properties"]},"conversionFactor":1.0}]}