{"@context":"http://greendelta.github.io/olca-schema/context.jsonld","@type":"Flow","@id":"4602b501-1c9b-4af7-bb1c-864c70c3e855","name":"Krypton, in air","version":"00.00.000","category":{"@type":"Category","@id":"09baa6ab-34af-3bd6-b0ba-d833a2e2fabc","name":"in air","categoryPath":["Elementary flows","Resource"],"categoryType":"Flow"},"flowType":"ELEMENTARY_FLOW","cas":"007439-90-9","formula":"Kr","infrastructureFlow":false,"flowProperties":[{"@type":"FlowPropertyFactor","referenceFlowProperty":true,"flowProperty":{"@type":"FlowProperty","@id":"93a60a56-a3c8-11da-a746-0800200b9a66","name":"Mass","categoryPath":["Technical flow properties"]},"conversionFactor":1.0}]}