{"@context":"http://greendelta.github.io/olca-schema/context.jsonld","@type":"Flow","@id":"4aa7d05c-1cc7-4468-a017-e17ce80581b8","name":"Biotic Production","version":"00.00.000","category":{"@type":"Category","@id":"5872f1f0-02f0-3c23-89c2-2f7dc77e3031","name":"land","categoryPath":["Elementary flows","Resource"],"categoryType":"Flow"},"flowType":"ELEMENTARY_FLOW","infrastructureFlow":false,"flowProperties":[{"@type":"FlowPropertyFactor","referenceFlowProperty":true,"flowProperty":{"@type":"FlowProperty","@id":"fd9a098b-253e-4f1e-986d-76a775c51722","name":"Biotic Production (Transf.)","categoryPath":["Technical flow properties"]},"conversionFactor":1.0}]}