{"@context":"http://greendelta.github.io/olca-schema/context.jsonld","@type":"Flow","@id":"752d138f-3723-42c1-bf5c-ca5316809c4c","name":"Magnesium, 0.13% in water","version":"00.00.000","category":{"@type":"Category","@id":"2f6ee760-b128-3a3f-8214-8304dedcd384","name":"in water","categoryPath":["Elementary flows","Resource"],"categoryType":"Flow"},"flowType":"ELEMENTARY_FLOW","cas":"007439-95-4","formula":"Mg","infrastructureFlow":false,"flowProperties":[{"@type":"FlowPropertyFactor","referenceFlowProperty":true,"flowProperty":{"@type":"FlowProperty","@id":"93a60a56-a3c8-11da-a746-0800200b9a66","name":"Mass","categoryPath":["Technical flow properties"]},"conversionFactor":1.0}]}