{"@context":"http://greendelta.github.io/olca-schema/context.jsonld","@type":"Flow","@id":"785d44a4-2979-4ea3-8121-aa82a65ba2e5","name":"Occupation, agriculture + forest","description":"characterization factors taken from \"Occupation, arable\" based on oral information from IFEU","version":"00.00.000","category":{"@type":"Category","@id":"5872f1f0-02f0-3c23-89c2-2f7dc77e3031","name":"land","categoryPath":["Elementary flows","Resource"],"categoryType":"Flow"},"flowType":"ELEMENTARY_FLOW","infrastructureFlow":false,"flowProperties":[{"@type":"FlowPropertyFactor","referenceFlowProperty":true,"flowProperty":{"@type":"FlowProperty","@id":"93a60a56-a3c8-21da-a746-0800200c9a66","name":"Area*time","categoryPath":["Technical flow properties"]},"conversionFactor":1.0}]}