{"@context":"http://greendelta.github.io/olca-schema/context.jsonld","@type":"Flow","@id":"819f7e8f-c71b-4c49-8652-230b4cda1405","name":"Mechanical Filtration","version":"00.00.000","category":{"@type":"Category","@id":"5872f1f0-02f0-3c23-89c2-2f7dc77e3031","name":"land","categoryPath":["Elementary flows","Resource"],"categoryType":"Flow"},"flowType":"ELEMENTARY_FLOW","infrastructureFlow":false,"flowProperties":[{"@type":"FlowPropertyFactor","referenceFlowProperty":true,"flowProperty":{"@type":"FlowProperty","@id":"e0d963f9-d6a4-42a5-90e9-fff8452aa2af","name":"Mechanical Filtration (Occ.)","categoryPath":["Technical flow properties"]},"conversionFactor":1.0}]}