{"@context":"http://greendelta.github.io/olca-schema/context.jsonld","@type":"Flow","@id":"a093e2a2-efa8-49a2-bdcd-d700cf9466e5","name":"Erosion Resistance","version":"00.00.000","category":{"@type":"Category","@id":"5872f1f0-02f0-3c23-89c2-2f7dc77e3031","name":"land","categoryPath":["Elementary flows","Resource"],"categoryType":"Flow"},"flowType":"ELEMENTARY_FLOW","infrastructureFlow":false,"flowProperties":[{"@type":"FlowPropertyFactor","referenceFlowProperty":true,"flowProperty":{"@type":"FlowProperty","@id":"27f62f94-3fe1-4df5-9693-9112b832decb","name":"Erosion Resistance (Transf.)","categoryPath":["Technical flow properties"]},"conversionFactor":1.0}]}