{"@context":"http://greendelta.github.io/olca-schema/context.jsonld","@type":"Flow","@id":"c6dbfddd-b11a-4061-84a6-01b087136eb6","name":"Physicochemical Filtration","version":"00.00.000","category":{"@type":"Category","@id":"5872f1f0-02f0-3c23-89c2-2f7dc77e3031","name":"land","categoryPath":["Elementary flows","Resource"],"categoryType":"Flow"},"flowType":"ELEMENTARY_FLOW","infrastructureFlow":false,"flowProperties":[{"@type":"FlowPropertyFactor","referenceFlowProperty":true,"flowProperty":{"@type":"FlowProperty","@id":"ac95ed26-5038-4862-8b82-94f1412875cd","name":"Physicochemical Filtration (Transf.)","categoryPath":["Technical flow properties"]},"conversionFactor":1.0}]}