{"@context":"http://greendelta.github.io/olca-schema/context.jsonld","@type":"Flow","@id":"c6e7e174-ff4e-4c4f-b727-f448389db0c8","name":"Energy, primary, from wind power","version":"00.00.000","category":{"@type":"Category","@id":"09baa6ab-34af-3bd6-b0ba-d833a2e2fabc","name":"in air","categoryPath":["Elementary flows","Resource"],"categoryType":"Flow"},"flowType":"ELEMENTARY_FLOW","infrastructureFlow":false,"flowProperties":[{"@type":"FlowPropertyFactor","referenceFlowProperty":true,"flowProperty":{"@type":"FlowProperty","@id":"f6811440-ee37-11de-8a39-0800200c9a66","name":"Energy","categoryPath":["Technical flow properties"]},"conversionFactor":1.0}]}