{"@context":"http://greendelta.github.io/olca-schema/context.jsonld","@type":"Flow","@id":"d512585c-a3ff-3bd4-8854-3d23c14926c0","name":"Water, unspecified natural origin, CH","version":"00.00.000","category":{"@type":"Category","@id":"2f6ee760-b128-3a3f-8214-8304dedcd384","name":"in water","categoryPath":["Elementary flows","Resource"],"categoryType":"Flow"},"flowType":"ELEMENTARY_FLOW","cas":"007732-18-5","infrastructureFlow":false,"flowProperties":[{"@type":"FlowPropertyFactor","referenceFlowProperty":true,"flowProperty":{"@type":"FlowProperty","@id":"93a60a56-a3c8-22da-a746-0800200c9a66","name":"Volume","categoryPath":["Technical flow properties"]},"conversionFactor":1.0}]}