{"@context":"http://greendelta.github.io/olca-schema/context.jsonld","@type":"Flow","@id":"d8e5cb63-6a69-4b8f-a840-a55406a5f7fa","name":"Groundwater Replenishment","version":"00.00.000","category":{"@type":"Category","@id":"5872f1f0-02f0-3c23-89c2-2f7dc77e3031","name":"land","categoryPath":["Elementary flows","Resource"],"categoryType":"Flow"},"flowType":"ELEMENTARY_FLOW","infrastructureFlow":false,"flowProperties":[{"@type":"FlowPropertyFactor","referenceFlowProperty":true,"flowProperty":{"@type":"FlowProperty","@id":"58ea2de8-1f31-4248-9b03-18ec5d8db13b","name":"Groundwater Replenishment (Transf.)","categoryPath":["Technical flow properties"]},"conversionFactor":1.0}]}