{"@context":"http://greendelta.github.io/olca-schema/context.jsonld","@type":"Flow","@id":"df79428f-f7f6-4788-8971-8c959827ed82","name":"Erosion Resistance","version":"00.00.000","category":{"@type":"Category","@id":"5872f1f0-02f0-3c23-89c2-2f7dc77e3031","name":"land","categoryPath":["Elementary flows","Resource"],"categoryType":"Flow"},"flowType":"ELEMENTARY_FLOW","infrastructureFlow":false,"flowProperties":[{"@type":"FlowPropertyFactor","referenceFlowProperty":true,"flowProperty":{"@type":"FlowProperty","@id":"a819760a-7651-4579-a786-842f7575df60","name":"Erosion Resistance (Occ.)","categoryPath":["Technical flow properties"]},"conversionFactor":1.0}]}